{
  "split": "val",
  "val_loss": 0.3093115929879394,
  "miou": 0.5874233245849609,
  "per_class_iou": {
    "Sky": 0.9354482293128967,
    "Building": 0.8255877494812012,
    "Pole": 0.012129505164921284,
    "Road": 0.9605507254600525,
    "Sidewalk": 0.8364346623420715,
    "Tree": 0.8554386496543884,
    "SignSymbol": 0.0868956670165062,
    "Fence": 0.4542520046234131,
    "Car": 0.6325358748435974,
    "Pedestrian": 0.25485143065452576,
    "Bicyclist": 0.6075326204299927
  },
  "checkpoint": "experiments/segmentation/seg-20251218-fcn/best.pth"
}