{
  "split": "val",
  "val_loss": 0.26210449080841214,
  "miou": 0.5926890969276428,
  "per_class_iou": {
    "Sky": 0.9314020872116089,
    "Building": 0.8403696417808533,
    "Pole": 0.03189164400100708,
    "Road": 0.9548119902610779,
    "Sidewalk": 0.8256601095199585,
    "Tree": 0.8903292417526245,
    "SignSymbol": 0.1854013353586197,
    "Fence": 0.5034952759742737,
    "Car": 0.7133326530456543,
    "Pedestrian": 0.2548682689666748,
    "Bicyclist": 0.3880174160003662
  },
  "checkpoint": "experiments/segmentation/seg-20251218-deeplabv3plus/best.pth"
}