{
  "split": "val",
  "val_loss": 0.15248321369290352,
  "miou": 0.7534675598144531,
  "per_class_iou": {
    "Sky": 0.9361119866371155,
    "Building": 0.9050233960151672,
    "Pole": 0.12715549767017365,
    "Road": 0.9686692953109741,
    "Sidewalk": 0.8726065754890442,
    "Tree": 0.9049432277679443,
    "SignSymbol": 0.5806122422218323,
    "Fence": 0.7226685285568237,
    "Car": 0.8708341121673584,
    "Pedestrian": 0.5865134000778198,
    "Bicyclist": 0.8130046129226685
  },
  "checkpoint": "experiments/segmentation/seg-v2-fcn/best.pth"
}