{
  "split": "val",
  "val_loss": 0.25094762673744786,
  "miou": 0.6108390092849731,
  "per_class_iou": {
    "Sky": 0.9084997773170471,
    "Building": 0.8448629379272461,
    "Pole": 0.0005374217871576548,
    "Road": 0.940572202205658,
    "Sidewalk": 0.83214271068573,
    "Tree": 0.8830264210700989,
    "SignSymbol": 0.23860955238342285,
    "Fence": 0.5839235782623291,
    "Car": 0.7625900506973267,
    "Pedestrian": 0.21468684077262878,
    "Bicyclist": 0.5097773671150208
  },
  "checkpoint": "experiments/segmentation/seg-r18-fcn/best.pth"
}