{
  "split": "val",
  "val_loss": 0.1499275003488247,
  "miou": 0.7534436583518982,
  "per_class_iou": {
    "Sky": 0.9324191212654114,
    "Building": 0.8994492888450623,
    "Pole": 0.07662110030651093,
    "Road": 0.9724143743515015,
    "Sidewalk": 0.8880683183670044,
    "Tree": 0.9027155041694641,
    "SignSymbol": 0.6154770851135254,
    "Fence": 0.7255168557167053,
    "Car": 0.8716185092926025,
    "Pedestrian": 0.5872865319252014,
    "Bicyclist": 0.8162931203842163
  },
  "checkpoint": "experiments/segmentation/seg-v2-pspnet/best.pth"
}