{
  "split": "val",
  "val_loss": 0.3541632060911141,
  "miou": 0.5539323687553406,
  "per_class_iou": {
    "Sky": 0.9252223372459412,
    "Building": 0.8252938985824585,
    "Pole": 4.005126538686454e-05,
    "Road": 0.9341561198234558,
    "Sidewalk": 0.7677341103553772,
    "Tree": 0.7947905659675598,
    "SignSymbol": 0.0815649926662445,
    "Fence": 0.2745340168476105,
    "Car": 0.6643914580345154,
    "Pedestrian": 0.2446945160627365,
    "Bicyclist": 0.5808340907096863
  },
  "checkpoint": "experiments/segmentation/seg-20251218-pspnet/best.pth"
}